numFeatures,MSE_single,MSE_single_error, MSE_phaseI, MSE_phaseI_error, MSE_phaseII, MSE_phaseII_error
10,5.82,0.72994738914356,5.65,0.5276162454151,5.63,0.3799845935417
25,6.25,0.9706448186281,5.72,0.77128260233276,5.65,0.48694062426241
50,7.03,0.3028355783341, 5.94,0.77820195639964,5.80,0.29743601980414
75,7.92,0.2109568445801,6.13,0.9516161399557,5.81,0.8751131764268
100,9.34,0.3091416613621,6.54,0.8010347126552,5.98,0.4959333789663
150,14.20,0.3113194585532,7.81,0.5559355973957,6.11,0.3440643509891
200,19.34,0.961944098692,19.34,0.961944098692,7.08,0.2516080767543
