numSamples,MSE_single,MSE_single_error, MSE_phaseI, MSE_phaseI_error, MSE_phaseII, MSE_phaseII_error
150,17.09,0.6971618656045,9.16,0.4330997890029,6.43,0.7880745815704
200,11.25,0.6098650931615,7.14,0.6837453748815,6.14,0.3377887988446
250,9.34,0.3091416613621,6.54,0.8010347126551,5.98,0.4959333789663
300,8.27,0.8342901683183,6.31,0.4970126569537,5.85,0.6036638259347
400,7.48,0.8661013642087,6.13,0.5286402637532,5.91,0.5675448299512
500,7.08,0.9477747524782,6.09,0.6997020216887,5.95,0.71161351614684
750,6.54,0.2963043296773,5.97,0.6167204004437,5.89,0.96246158299165
1000,6.20,0.4318868437765,5.86,0.62568069626325,5.83,0.7556556750281
1500,5.64,0.90979182581796,5.75,0.3641375536525,5.78,0.6007546468445