eps,MSE_single,MSE_single_error, MSE_phaseI, MSE_phaseI_error, MSE_phaseII, MSE_phaseII_error, MSE_phaseI_perc, MSE_phaseI_perc_error,MSE_phaseII_perc, MSE_phaseII_perc_error
0.1, 9.36, 0.5717199559634,6.52, 0.140768547746,8.22, 0.176354934399, 29.470809, 1.438123, 12.179487, 1.267565
0.01, 9.31, 0.9130493658234, 6.52, 0.2434057421641, 5.83, 0.8068395968668, 29.470809, 1.438123, 36.874323, 1.267565
0.001, 9.33, 0.716995332189, 6.58, 0.4006280983904, 5.90, 0.89007404901764, 29.020383, 1.597527, 36.092041, 1.299066
0.0001, 9.34, 0.3009141661362, 6.54, 0.8001034712655, 5.98, 0.4959333789663, 29.443205, 1.449485, 35.362649, 1.268365
0.00001, 9.32, 0.4620752451739, 6.53, 0.4411328445749, 6.02, 0.9003319092254, 29.314043, 1.573441, 34.815326, 1.37383
0.000001, 9.29, 0.5889574667775, 6.51, 0.8298937235697, 6.48, 0.6064746622951, 29.335426, 1.459705, 30.543478, 1.30999
