numTasks,MSE_single,MSE_single_error, MSE_phaseI, MSE_phaseI_error, MSE_phaseII, MSE_phaseII_error
2,9.35,0.9520058797646,8.73,0.8087511675492,6.47,0.3801273584358
5,9.26,0.6854783496078,7.14,0.7175864474359,6.15,0.5762009570692
10,9.34,0.3009141661362,6.54,0.8001034712655,5.98,0.4959333789663
20,9.52,0.5280054225772,6.27,0.7607160969238,5.98,0.26397470476614
50,9.46,0.4066448157794,6.87,0.203288108469,6.67,0.4643621586736
100,9.43,0.721643669115,7.33,0.3987376278796,7.21,0.7807146604144
